# Clean URL redirects for Render static hosting
# These rewrite rules show clean URLs to users while serving .html files

/story  /story.html  200
/lookbook  /lookbook.html  200
/contact-us  /contact-us.html  200
/privacy  /privacy.html  200
/accessibility  /accessibility.html  200
/terms  /terms.html  200
/blog  /blog.html  200
/blog/choosing-kids-shoes  /blog/choosing-kids-shoes.html  200
/blog/comfortable-everyday-shoes  /blog/comfortable-everyday-shoes.html  200
/blog/shoes-for-school  /blog/shoes-for-school.html  200
/blog/shoe-care-tips  /blog/shoe-care-tips.html  200
/blog/shoe-sizing-guide  /blog/shoe-sizing-guide.html  200
/test-page  /test-page.html  200

# Language slug rewrites for SEO
/en  /en/index.html  200
/en/story  /en/story.html  200
/en/lookbook  /en/lookbook.html  200
/en/contact-us  /en/contact-us.html  200
/en/privacy  /en/privacy.html  200
/en/accessibility  /en/accessibility.html  200
/en/terms  /en/terms.html  200
/en/blog  /en/blog.html  200
/en/blog/choosing-kids-shoes  /en/blog-choosing-kids-shoes.html  200
/en/blog/comfortable-everyday-shoes  /en/blog-comfortable-everyday-shoes.html  200
/en/blog/shoes-for-school  /en/blog-shoes-for-school.html  200
/en/blog/shoe-care-tips  /en/blog-shoe-care-tips.html  200
/en/blog/shoe-sizing-guide  /en/blog-shoe-sizing-guide.html  200
/en/test-page  /en/test-page.html  200
/en  /en/index.html  200

# Legal pages - redirect old .html URLs to friendly URLs
/privacy.html  /privacy  301
/accessibility.html  /accessibility  301
/terms.html  /terms  301

/  /index.html  200

# 404 fallback
/*  /index.html  404
